Player,Country,Opponent,Matches,Innings,Not_Out,Hundreds,Fifties,Runs,Average
Virat Kohli,India,Afghanistan,3,2,1,0,2,122,122.00
Virat Kohli,India,Australia,48,46,3,8,13,2313,53.79
Virat Kohli,India,Bangladesh,16,16,4,5,3,910,75.83
Virat Kohli,India,England,36,36,4,3,9,1340,41.88
Virat Kohli,India,Ireland,2,2,1,0,0,78,78.00
Virat Kohli,India,Nepal,1,0,0,0,0,0,
Virat Kohli,India,Netherlands,2,2,0,0,1,63,31.50
Virat Kohli,India,New Zealand,30,30,3,5,9,1528,56.59
Virat Kohli,India,Pakistan,16,16,3,3,2,678,52.15
Virat Kohli,India,South Africa,31,29,6,5,8,1504,65.39
Virat Kohli,India,Sri Lanka,53,51,10,10,12,2594,63.27
Virat Kohli,India,United Arab Emirates,1,1,1,0,0,33,
Virat Kohli,India,West Indies,43,41,7,9,11,2261,66.50
Virat Kohli,India,Zimbabwe,8,6,1,1,1,253,50.60
Virat Kohli,India,Overall (14),290,278,44,49,71,13677,58.45
Rohit Sharma,India,Afghanistan,3,3,1,1,0,150,75.00
Rohit Sharma,India,Australia,44,44,4,8,9,2332,58.30
Rohit Sharma,India,Bangladesh,17,17,3,3,3,786,56.14
Rohit Sharma,India,England,20,20,5,2,4,724,48.27
Rohit Sharma,India,Hong Kong,2,2,0,0,0,34,17.00
Rohit Sharma,India,Ireland,2,1,0,0,1,64,64.00
Rohit Sharma,India,Nepal,1,1,1,0,1,74,
Rohit Sharma,India,Netherlands,1,1,0,0,1,61,61.00
Rohit Sharma,India,New Zealand,28,26,1,2,5,935,37.40
Rohit Sharma,India,Pakistan,19,19,2,2,8,873,51.35
Rohit Sharma,India,South Africa,26,25,1,3,2,806,33.58
Rohit Sharma,India,Sri Lanka,52,50,9,6,7,1864,45.46
Rohit Sharma,India,United Arab Emirates,1,1,1,0,1,57,
Rohit Sharma,India,West Indies,37,35,7,3,12,1613,57.61
Rohit Sharma,India,Zimbabwe,7,7,1,1,1,242,40.33
Rohit Sharma,India,Overall (15),260,252,36,31,55,10615,49.14
Shubman Gill,India,Australia,6,6,0,1,1,268,44.67
Shubman Gill,India,Bangladesh,2,2,0,1,1,174,87.00
Shubman Gill,India,England,1,1,0,0,0,9,9.00
Shubman Gill,India,Nepal,1,1,1,0,1,67,
Shubman Gill,India,Netherlands,1,1,0,0,1,51,51.00
Shubman Gill,India,New Zealand,9,9,2,2,1,510,72.86
Shubman Gill,India,Pakistan,3,3,0,0,1,84,28.00
Shubman Gill,India,South Africa,4,4,0,0,0,103,25.75
Shubman Gill,India,Sri Lanka,6,6,1,1,2,345,69.00
Shubman Gill,India,West Indies,6,6,1,0,3,331,66.20
Shubman Gill,India,Zimbabwe,3,3,1,1,1,245,122.50
Shubman Gill,India,Overall (11),42,42,6,6,12,2187,60.75
Shreyas Iyer,India,Afghanistan,1,1,1,0,0,25,
Shreyas Iyer,India,Australia,10,10,1,1,0,270,30.00
Shreyas Iyer,India,Bangladesh,4,4,0,0,1,128,32.00
Shreyas Iyer,India,England,3,2,0,0,0,10,5.00
Shreyas Iyer,India,Nepal,1,0,0,0,0,0,
Shreyas Iyer,India,Netherlands,1,1,1,1,0,128,
Shreyas Iyer,India,New Zealand,7,6,0,1,3,379,63.17
Shreyas Iyer,India,Pakistan,2,2,1,0,1,67,67.00
Shreyas Iyer,India,South Africa,10,9,2,1,2,370,52.86
Shreyas Iyer,India,Sri Lanka,7,7,0,0,3,338,48.29
Shreyas Iyer,India,West Indies,10,9,0,0,7,507,56.33
Shreyas Iyer,India,Overall (11),56,51,6,4,17,2222,49.38
Suryakumar Yadav,India,Australia,6,6,1,0,2,130,26.00
Suryakumar Yadav,India,Bangladesh,1,1,0,0,0,26,26.00
Suryakumar Yadav,India,England,4,3,0,0,0,92,30.67
Suryakumar Yadav,India,Netherlands,1,1,1,0,0,2,
Suryakumar Yadav,India,New Zealand,7,6,1,0,0,91,18.20
Suryakumar Yadav,India,South Africa,2,2,0,0,0,61,30.50
Suryakumar Yadav,India,Sri Lanka,5,5,1,0,1,140,35.00
Suryakumar Yadav,India,West Indies,9,9,1,0,1,212,26.50
Suryakumar Yadav,India,Overall (8),35,33,5,0,4,754,26.93
Hardik Pandya,India,Afghanistan,2,1,0,0,0,7,7.00
Hardik Pandya,India,Australia,13,12,2,0,4,557,55.70
Hardik Pandya,India,Bangladesh,3,1,0,0,0,0,0.00
Hardik Pandya,India,England,13,11,2,0,3,402,44.67
Hardik Pandya,India,Nepal,1,0,0,0,0,0,
Hardik Pandya,India,New Zealand,14,10,0,0,1,274,27.40
Hardik Pandya,India,Pakistan,7,4,1,0,2,209,69.67
Hardik Pandya,India,South Africa,8,5,2,0,0,41,13.67
Hardik Pandya,India,Sri Lanka,16,11,1,0,0,127,12.70
Hardik Pandya,India,West Indies,9,6,1,0,1,152,30.40
Hardik Pandya,India,Overall (10),86,61,9,0,11,1769,34.02
Ravindra Jadeja,India,Afghanistan,3,1,0,0,0,25,25.00
Ravindra Jadeja,India,Australia,43,31,9,0,2,566,25.73
Ravindra Jadeja,India,Bangladesh,13,6,2,0,0,108,27.00
Ravindra Jadeja,India,England,26,21,9,0,3,509,42.42
Ravindra Jadeja,India,Ireland,1,0,0,0,0,0,
Ravindra Jadeja,India,Nepal,1,0,0,0,0,0,
Ravindra Jadeja,India,Netherlands,1,0,0,0,0,0,
Ravindra Jadeja,India,New Zealand,13,11,4,0,4,361,51.57
Ravindra Jadeja,India,Pakistan,12,7,1,0,1,130,21.67
Ravindra Jadeja,India,South Africa,10,7,2,0,0,191,38.20
Ravindra Jadeja,India,Sri Lanka,31,19,9,0,1,383,38.30
Ravindra Jadeja,India,United Arab Emirates,1,0,0,0,0,0,
Ravindra Jadeja,India,West Indies,32,24,9,0,0,299,19.93
Ravindra Jadeja,India,Zimbabwe,8,4,2,0,2,175,87.50
Ravindra Jadeja,India,Overall (14),195,131,47,0,13,2747,32.70
Ravichandran Ashwin,India,Afghanistan,1,0,0,0,0,0,
Ravichandran Ashwin,India,Australia,18,8,2,0,0,85,14.17
Ravichandran Ashwin,India,Bangladesh,7,3,1,0,0,7,3.50
Ravichandran Ashwin,India,England,23,14,5,0,0,128,14.22
Ravichandran Ashwin,India,Ireland,1,0,0,0,0,0,
Ravichandran Ashwin,India,New Zealand,10,6,0,0,1,94,15.67
Ravichandran Ashwin,India,Pakistan,8,6,2,0,0,45,11.25
Ravichandran Ashwin,India,South Africa,9,6,2,0,0,81,20.25
Ravichandran Ashwin,India,Sri Lanka,20,11,3,0,0,132,16.50
Ravichandran Ashwin,India,United Arab Emirates,1,0,0,0,0,0,
Ravichandran Ashwin,India,West Indies,17,9,5,0,0,135,33.75
Ravichandran Ashwin,India,Zimbabwe,1,0,0,0,0,0,
Ravichandran Ashwin,India,Overall (12),116,63,20,0,1,707,16.44
Temba Bavuma,South Africa,Afghanistan,1,1,0,0,0,23,23.00
Temba Bavuma,South Africa,Australia,6,6,1,1,1,278,55.60
Temba Bavuma,South Africa,Bangladesh,4,4,0,0,0,118,29.50
Temba Bavuma,South Africa,England,6,6,0,1,1,328,54.67
Temba Bavuma,South Africa,India,5,5,0,1,0,172,34.40
Temba Bavuma,South Africa,Ireland,4,3,1,1,0,126,63.00
Temba Bavuma,South Africa,Netherlands,3,3,1,0,1,112,56.00
Temba Bavuma,South Africa,New Zealand,1,1,0,0,0,24,24.00
Temba Bavuma,South Africa,Pakistan,4,4,0,0,1,141,35.25
Temba Bavuma,South Africa,Sri Lanka,2,2,1,0,0,46,46.00
Temba Bavuma,South Africa,West Indies,1,1,0,1,0,144,144.00
Temba Bavuma,South Africa,Overall (11),37,36,4,5,4,1512,47.25
Reeza Hendricks,South Africa,Australia,5,5,0,0,0,135,27.00
Reeza Hendricks,South Africa,Bangladesh,1,1,0,0,0,12,12.00
Reeza Hendricks,South Africa,England,5,5,1,0,2,189,47.25
Reeza Hendricks,South Africa,India,2,2,0,0,1,77,38.50
Reeza Hendricks,South Africa,Netherlands,1,1,0,0,0,6,6.00
Reeza Hendricks,South Africa,Pakistan,5,5,1,0,1,169,42.25
Reeza Hendricks,South Africa,Sri Lanka,9,9,0,1,1,198,22.00
Reeza Hendricks,South Africa,Zimbabwe,3,3,0,0,1,72,24.00
Reeza Hendricks,South Africa,Overall (8),31,31,2,1,6,858,29.59
Aiden Markram,South Africa,Afghanistan,2,1,0,0,0,25,25.00
Aiden Markram,South Africa,Australia,10,10,1,1,2,402,44.67
Aiden Markram,South Africa,Bangladesh,4,4,0,0,2,171,42.75
Aiden Markram,South Africa,England,8,8,1,0,1,255,36.43
Aiden Markram,South Africa,India,13,13,1,0,1,280,23.33
Aiden Markram,South Africa,Ireland,2,1,0,0,0,5,5.00
Aiden Markram,South Africa,Netherlands,3,3,1,1,1,227,113.50
Aiden Markram,South Africa,New Zealand,2,2,1,0,0,44,44.00
Aiden Markram,South Africa,Pakistan,5,5,0,0,1,174,34.80
Aiden Markram,South Africa,Sri Lanka,10,9,1,1,2,344,43.00
Aiden Markram,South Africa,West Indies,2,2,0,0,0,30,15.00
Aiden Markram,South Africa,Zimbabwe,3,3,0,0,0,104,34.67
Aiden Markram,South Africa,Overall (12),64,61,6,3,10,2061,37.47
David Miller,South Africa,Afghanistan,2,1,0,0,0,24,24.00
David Miller,South Africa,Australia,27,25,8,2,6,932,54.82
David Miller,South Africa,Bangladesh,9,6,1,0,1,220,44.00
David Miller,South Africa,England,14,10,5,0,5,372,74.40
David Miller,South Africa,India,26,25,6,0,2,501,26.37
David Miller,South Africa,Ireland,4,3,1,0,0,84,42.00
David Miller,South Africa,Netherlands,4,3,0,0,1,146,48.67
David Miller,South Africa,New Zealand,14,14,1,0,1,323,24.85
David Miller,South Africa,Pakistan,25,23,5,0,4,536,29.78
David Miller,South Africa,Sri Lanka,21,18,8,1,2,516,51.60
David Miller,South Africa,United Arab Emirates,1,1,0,0,0,49,49.00
David Miller,South Africa,West Indies,13,10,4,1,1,352,58.67
David Miller,South Africa,Zimbabwe,9,7,4,1,1,290,96.67
David Miller,South Africa,Overall (13),169,146,43,5,24,4345,42.18
Rassie van der Dussen,South Africa,Afghanistan,2,1,1,0,1,76,
Rassie van der Dussen,South Africa,Australia,6,6,0,0,2,238,39.67
Rassie van der Dussen,South Africa,Bangladesh,5,5,1,0,1,140,35.00
Rassie van der Dussen,South Africa,England,11,10,1,2,2,467,51.89
Rassie van der Dussen,South Africa,India,5,5,2,1,1,253,84.33
Rassie van der Dussen,South Africa,Ireland,3,2,0,0,0,79,39.50
Rassie van der Dussen,South Africa,Netherlands,3,3,0,0,0,60,20.00
Rassie van der Dussen,South Africa,New Zealand,2,2,1,1,1,200,200.00
Rassie van der Dussen,South Africa,Pakistan,9,8,3,1,4,481,96.20
Rassie van der Dussen,South Africa,Sri Lanka,9,8,2,1,2,300,50.00
Rassie van der Dussen,South Africa,West Indies,3,2,0,0,0,22,11.00
Rassie van der Dussen,South Africa,Overall (11),58,52,11,6,14,2316,56.49
Marco Jansen,South Africa,Australia,6,5,0,0,0,160,32.00
Marco Jansen,South Africa,Bangladesh,2,2,1,0,0,3,3.00
Marco Jansen,South Africa,England,3,3,2,0,1,119,119.00
Marco Jansen,South Africa,India,3,2,0,0,0,28,14.00
Marco Jansen,South Africa,Netherlands,3,2,1,0,0,20,20.00
Marco Jansen,South Africa,New Zealand,1,0,0,0,0,0,
Marco Jansen,South Africa,Pakistan,1,1,0,0,0,20,20.00
Marco Jansen,South Africa,Sri Lanka,1,1,1,0,0,12,
Marco Jansen,South Africa,West Indies,2,2,0,0,0,60,30.00
Marco Jansen,South Africa,Overall (9),22,18,5,0,1,422,32.46
Andile Phehlukwayo,South Africa,Afghanistan,2,2,2,0,0,56,
Andile Phehlukwayo,South Africa,Australia,12,7,4,0,0,109,36.33
Andile Phehlukwayo,South Africa,Bangladesh,5,4,1,0,0,15,5.00
Andile Phehlukwayo,South Africa,England,7,4,1,0,0,42,14.00
Andile Phehlukwayo,South Africa,India,11,9,2,0,0,134,19.14
Andile Phehlukwayo,South Africa,Ireland,4,2,0,0,0,8,4.00
Andile Phehlukwayo,South Africa,Netherlands,1,1,0,0,0,48,48.00
Andile Phehlukwayo,South Africa,New Zealand,5,4,3,0,0,59,59.00
Andile Phehlukwayo,South Africa,Pakistan,9,6,2,0,2,212,53.00
Andile Phehlukwayo,South Africa,Sri Lanka,17,9,3,0,0,109,18.17
Andile Phehlukwayo,South Africa,West Indies,1,0,0,0,0,0,
Andile Phehlukwayo,South Africa,Zimbabwe,3,2,0,0,0,28,14.00
Andile Phehlukwayo,South Africa,Overall (12),77,50,18,0,2,820,25.63
Steven Smith,Australia,Afghanistan,2,2,0,0,1,113,56.50
Steven Smith,Australia,Bangladesh,6,5,2,0,1,92,30.67
Steven Smith,Australia,Canada,1,0,0,0,0,0,
Steven Smith,Australia,England,34,34,5,1,5,1103,38.03
Steven Smith,Australia,India,28,24,0,5,6,1306,54.42
Steven Smith,Australia,Ireland,3,2,1,0,1,80,80.00
Steven Smith,Australia,Kenya,1,1,1,0,0,17,
Steven Smith,Australia,Netherlands,1,1,0,0,1,71,71.00
Steven Smith,Australia,New Zealand,16,15,2,2,3,549,42.23
Steven Smith,Australia,Pakistan,12,12,1,2,3,518,47.09
Steven Smith,Australia,Scotland,1,0,0,0,0,0,
Steven Smith,Australia,South Africa,22,20,2,2,4,703,39.06
Steven Smith,Australia,Sri Lanka,15,11,0,0,4,385,35.00
Steven Smith,Australia,West Indies,6,5,0,0,3,277,55.40
Steven Smith,Australia,Zimbabwe,5,5,2,0,0,108,36.00
Steven Smith,Australia,Overall (15),153,137,16,12,32,5322,43.98
Travis Head,Australia,Afghanistan,1,1,0,0,0,0,0.00
Travis Head,Australia,Bangladesh,2,1,0,0,0,10,10.00
Travis Head,Australia,England,14,14,1,1,6,646,49.69
Travis Head,Australia,India,8,8,1,0,1,208,29.71
Travis Head,Australia,Ireland,1,0,0,0,0,0,
Travis Head,Australia,New Zealand,7,6,0,1,3,313,52.17
Travis Head,Australia,Pakistan,8,8,1,2,2,460,65.71
Travis Head,Australia,South Africa,12,12,1,0,2,306,27.82
Travis Head,Australia,Sri Lanka,8,8,1,0,1,250,35.71
Travis Head,Australia,West Indies,1,1,0,0,0,1,1.00
Travis Head,Australia,Overall (10),62,59,5,4,15,2194,40.63
David Warner,Australia,Afghanistan,4,4,1,1,1,309,103.00
David Warner,Australia,Bangladesh,3,3,1,1,1,259,129.50
David Warner,Australia,England,28,28,1,2,6,899,33.30
David Warner,Australia,India,26,25,1,3,9,1215,50.63
David Warner,Australia,Ireland,3,2,0,0,1,132,66.00
David Warner,Australia,Netherlands,1,1,0,1,0,104,104.00
David Warner,Australia,New Zealand,16,16,0,2,3,720,45.00
David Warner,Australia,Pakistan,14,14,0,4,1,839,59.93
David Warner,Australia,Scotland,2,2,1,0,0,21,21.00
David Warner,Australia,South Africa,29,29,0,5,5,1226,42.28
David Warner,Australia,Sri Lanka,23,23,0,3,2,790,34.35
David Warner,Australia,West Indies,7,7,1,0,2,218,36.33
David Warner,Australia,Zimbabwe,3,3,0,0,2,164,54.67
David Warner,Australia,Overall (13),159,157,6,22,33,6896,45.67
Marnus Labuschagne,Australia,Afghanistan,1,1,0,0,0,14,14.00
Marnus Labuschagne,Australia,Bangladesh,1,0,0,0,0,0,
Marnus Labuschagne,Australia,England,7,7,1,0,2,230,38.33
Marnus Labuschagne,Australia,India,13,11,0,0,3,387,35.18
Marnus Labuschagne,Australia,Netherlands,1,1,0,0,1,62,62.00
Marnus Labuschagne,Australia,New Zealand,5,5,0,0,2,131,26.20
Marnus Labuschagne,Australia,Pakistan,4,4,0,0,1,96,24.00
Marnus Labuschagne,Australia,South Africa,9,9,1,2,1,478,59.75
Marnus Labuschagne,Australia,Sri Lanka,6,6,0,0,0,156,26.00
Marnus Labuschagne,Australia,Overall (9),47,44,2,2,10,1554,37.00
Cameroon Green,Australia,England,2,2,1,0,0,67,67.00
Cameroon Green,Australia,India,7,6,0,0,0,100,16.67
Cameroon Green,Australia,Netherlands,1,1,0,0,0,8,8.00
Cameroon Green,Australia,New Zealand,2,2,2,0,1,114,
Cameroon Green,Australia,Pakistan,3,3,1,0,0,79,39.50
Cameroon Green,Australia,South Africa,2,2,1,0,0,18,18.00
Cameroon Green,Australia,Sri Lanka,3,3,2,0,0,53,53.00
Cameroon Green,Australia,Zimbabwe,3,1,0,0,0,3,3.00
Cameroon Green,Australia,Overall (8),23,20,7,0,1,442,34.00
Mitchel Marsh,Australia,Afghanistan,2,2,0,0,0,32,16.00
Mitchel Marsh,Australia,Bangladesh,1,1,1,1,0,177,
Mitchel Marsh,Australia,England,18,17,1,0,6,564,35.25
Mitchel Marsh,Australia,India,11,10,3,1,3,458,65.43
Mitchel Marsh,Australia,Ireland,2,1,0,0,0,11,11.00
Mitchel Marsh,Australia,Netherlands,1,1,0,0,0,9,9.00
Mitchel Marsh,Australia,New Zealand,10,10,2,0,2,272,34.00
Mitchel Marsh,Australia,Pakistan,3,3,0,1,0,125,41.67
Mitchel Marsh,Australia,South Africa,24,23,2,0,4,594,28.29
Mitchel Marsh,Australia,Sri Lanka,5,5,0,0,1,116,23.20
Mitchel Marsh,Australia,West Indies,7,7,2,0,1,193,38.60
Mitchel Marsh,Australia,Zimbabwe,3,3,0,0,1,106,35.33
Mitchel Marsh,Australia,Overall (12),87,83,11,3,18,2657,36.90
Glenn Maxwell,Australia,Afghanistan,4,4,2,1,1,295,147.50
Glenn Maxwell,Australia,Bangladesh,2,1,0,0,0,32,32.00
Glenn Maxwell,Australia,England,24,22,1,1,6,860,40.95
Glenn Maxwell,Australia,India,31,30,3,0,6,941,34.85
Glenn Maxwell,Australia,Ireland,1,1,0,0,0,2,2.00
Glenn Maxwell,Australia,Netherlands,1,1,0,1,0,106,106.00
Glenn Maxwell,Australia,New Zealand,14,12,1,0,0,139,12.64
Glenn Maxwell,Australia,Pakistan,19,17,2,0,7,735,49.00
Glenn Maxwell,Australia,Scotland,1,0,0,0,0,0,
Glenn Maxwell,Australia,South Africa,14,13,0,0,0,126,9.69
Glenn Maxwell,Australia,Sri Lanka,12,12,3,1,1,393,43.67
Glenn Maxwell,Australia,West Indies,8,8,3,0,1,106,21.20
Glenn Maxwell,Australia,Zimbabwe,5,4,1,0,1,157,52.33
Glenn Maxwell,Australia,Overall (13),136,125,16,4,23,3892,35.71
Marcus Stoinis,Australia,Afghanistan,2,1,0,0,0,6,6.00
Marcus Stoinis,Australia,Bangladesh,2,1,1,0,0,17,
Marcus Stoinis,Australia,England,20,19,0,0,3,425,22.37
Marcus Stoinis,Australia,India,18,17,5,0,2,438,36.50
Marcus Stoinis,Australia,New Zealand,5,5,1,1,0,214,53.50
Marcus Stoinis,Australia,Pakistan,9,7,0,0,0,131,18.71
Marcus Stoinis,Australia,South Africa,8,8,0,0,1,151,18.88
Marcus Stoinis,Australia,Sri Lanka,2,2,1,0,0,64,64.00
Marcus Stoinis,Australia,West Indies,1,1,0,0,0,19,19.00
Marcus Stoinis,Australia,Zimbabwe,3,2,0,0,0,22,11.00
Marcus Stoinis,Australia,Overall (10),70,63,8,1,6,1487,27.04
Sean Abbot,Australia,Bangladesh,1,0,0,0,0,0,
Sean Abbot,Australia,England,1,0,0,0,0,0,
Sean Abbot,Australia,India,6,5,0,0,1,86,17.20
Sean Abbot,Australia,New Zealand,2,1,0,0,0,7,7.00
Sean Abbot,Australia,Pakistan,4,4,0,0,0,94,23.50
Sean Abbot,Australia,South Africa,4,4,1,0,0,41,13.67
Sean Abbot,Australia,Overall (6),18,14,1,0,1,228,17.54
Kane Williamson,New Zealand,Afghanistan,2,2,1,0,1,112,112.00
Kane Williamson,New Zealand,Australia,17,17,2,1,2,564,37.60
Kane Williamson,New Zealand,Bangladesh,12,11,3,1,4,500,62.50
Kane Williamson,New Zealand,Canada,1,1,1,0,0,34,
Kane Williamson,New Zealand,England,20,20,2,2,7,983,54.61
Kane Williamson,New Zealand,India,28,27,2,1,9,1078,43.12
Kane Williamson,New Zealand,Pakistan,22,22,1,3,7,1198,57.05
Kane Williamson,New Zealand,Scotland,1,1,0,0,0,38,38.00
Kane Williamson,New Zealand,South Africa,17,17,3,2,3,670,47.86
Kane Williamson,New Zealand,Sri Lanka,23,19,0,1,7,699,36.79
Kane Williamson,New Zealand,West Indies,12,12,0,1,2,487,40.58
Kane Williamson,New Zealand,Zimbabwe,9,7,2,1,2,378,75.60
Kane Williamson,New Zealand,Overall (12),164,156,17,13,44,6741,48.50
Mark Chapman,New Zealand,Afghanistan,1,1,1,0,0,25,
Mark Chapman,New Zealand,Bangladesh,1,0,0,0,0,0,
Mark Chapman,New Zealand,England,4,3,0,0,0,9,3.00
Mark Chapman,New Zealand,India,2,2,0,0,0,7,3.50
Mark Chapman,New Zealand,Netherlands,1,1,0,0,0,5,5.00
Mark Chapman,New Zealand,Pakistan,6,6,0,0,0,157,26.17
Mark Chapman,New Zealand,Scotland,1,1,1,1,0,101,
Mark Chapman,New Zealand,Sri Lanka,1,1,0,0,0,7,7.00
Mark Chapman,New Zealand,United Arab Emirates,2,2,1,1,0,151,151.00
Mark Chapman,New Zealand,Overall (9),19,17,3,2,0,462,33.00
Glenn Phillips,New Zealand,Afghanistan,1,1,0,0,1,71,71.00
Glenn Phillips,New Zealand,Australia,2,2,0,0,0,59,29.50
Glenn Phillips,New Zealand,Bangladesh,1,1,1,0,0,16,
Glenn Phillips,New Zealand,England,5,3,0,0,1,99,33.00
Glenn Phillips,New Zealand,India,7,4,0,0,0,75,18.75
Glenn Phillips,New Zealand,Ireland,3,3,0,0,0,101,33.67
Glenn Phillips,New Zealand,Netherlands,1,1,0,0,0,4,4.00
Glenn Phillips,New Zealand,Pakistan,4,4,1,0,1,144,48.00
Glenn Phillips,New Zealand,Scotland,1,0,0,0,0,0,
Glenn Phillips,New Zealand,South Africa,1,1,0,0,1,60,60.00
Glenn Phillips,New Zealand,Sri Lanka,2,2,1,0,0,56,56.00
Glenn Phillips,New Zealand,West Indies,1,1,0,0,0,9,9.00
Glenn Phillips,New Zealand,Overall (12),29,23,3,0,4,694,34.70
Will Young,New Zealand,Afghanistan,1,1,0,0,1,54,54.00
Will Young,New Zealand,Australia,1,1,0,0,0,32,32.00
Will Young,New Zealand,Bangladesh,5,5,1,0,2,140,35.00
Will Young,New Zealand,England,5,5,0,0,0,98,19.60
Will Young,New Zealand,India,1,1,0,0,0,17,17.00
Will Young,New Zealand,Ireland,3,3,0,0,0,4,1.33
Will Young,New Zealand,Netherlands,4,4,1,2,1,294,98.00
Will Young,New Zealand,Pakistan,5,5,0,0,2,240,48.00
Will Young,New Zealand,South Africa,1,1,0,0,0,33,33.00
Will Young,New Zealand,Sri Lanka,2,2,1,0,1,112,112.00
Will Young,New Zealand,Overall (10),28,28,3,2,7,1024,40.96
Daryl Mitchell,New Zealand,Afghanistan,1,1,0,0,0,1,1.00
Daryl Mitchell,New Zealand,Australia,4,4,0,0,1,106,26.50
Daryl Mitchell,New Zealand,Bangladesh,4,3,3,1,1,201,
Daryl Mitchell,New Zealand,England,5,4,1,1,1,196,65.33
Daryl Mitchell,New Zealand,India,7,5,0,1,0,175,35.00
Daryl Mitchell,New Zealand,Netherlands,1,1,0,0,0,48,48.00
Daryl Mitchell,New Zealand,Pakistan,8,8,0,2,0,398,49.75
Daryl Mitchell,New Zealand,Scotland,1,1,1,0,1,74,
Daryl Mitchell,New Zealand,South Africa,1,1,0,0,0,24,24.00
Daryl Mitchell,New Zealand,Sri Lanka,3,3,0,0,0,96,32.00
Daryl Mitchell,New Zealand,West Indies,3,3,0,0,1,124,41.33
Daryl Mitchell,New Zealand,Overall (11),38,34,5,5,5,1443,49.76
James Neesham,New Zealand,Afghanistan,1,0,0,0,0,0,
James Neesham,New Zealand,Australia,11,11,0,0,2,292,26.55
James Neesham,New Zealand,Bangladesh,15,12,1,0,1,253,23.00
James Neesham,New Zealand,England,4,3,0,0,0,56,18.67
James Neesham,New Zealand,India,12,10,1,0,1,197,21.89
James Neesham,New Zealand,Ireland,1,1,0,0,0,30,30.00
James Neesham,New Zealand,Pakistan,5,5,2,0,1,128,42.67
James Neesham,New Zealand,South Africa,14,12,1,0,1,245,22.27
James Neesham,New Zealand,Sri Lanka,6,5,4,0,1,170,170.00
James Neesham,New Zealand,West Indies,5,4,1,0,0,73,24.33
James Neesham,New Zealand,Zimbabwe,2,2,2,0,0,51,
James Neesham,New Zealand,Overall (11),76,65,12,0,7,1495,28.21
Rachin Ravindra,New Zealand,Afghanistan,1,1,0,0,0,32,32.00
Rachin Ravindra,New Zealand,Australia,1,1,0,1,0,116,116.00
Rachin Ravindra,New Zealand,Bangladesh,4,3,0,0,0,19,6.33
Rachin Ravindra,New Zealand,England,5,4,1,1,1,216,72.00
Rachin Ravindra,New Zealand,India,1,1,0,0,1,75,75.00
Rachin Ravindra,New Zealand,Netherlands,1,1,0,0,1,51,51.00
Rachin Ravindra,New Zealand,Pakistan,4,3,0,1,0,145,48.33
Rachin Ravindra,New Zealand,South Africa,1,1,0,0,0,9,9.00
Rachin Ravindra,New Zealand,Sri Lanka,3,2,0,0,0,91,45.50
Rachin Ravindra,New Zealand,Overall (9),21,17,1,3,3,754,47.13
Mitchell Santner,New Zealand,Afghanistan,2,1,1,0,0,7,
Mitchell Santner,New Zealand,Australia,14,14,4,0,0,252,25.20
Mitchell Santner,New Zealand,Bangladesh,13,8,6,0,0,72,36.00
Mitchell Santner,New Zealand,England,15,13,4,0,2,337,37.44
Mitchell Santner,New Zealand,India,22,16,4,0,1,254,21.17
Mitchell Santner,New Zealand,Ireland,4,4,3,0,0,41,41.00
Mitchell Santner,New Zealand,Netherlands,1,1,1,0,0,36,
Mitchell Santner,New Zealand,Pakistan,12,10,3,0,0,176,25.14
Mitchell Santner,New Zealand,Scotland,1,0,0,0,0,0,
Mitchell Santner,New Zealand,South Africa,7,5,1,0,0,51,12.75
Mitchell Santner,New Zealand,Sri Lanka,7,2,1,0,0,59,59.00
Mitchell Santner,New Zealand,West Indies,5,3,1,0,0,61,30.50
Mitchell Santner,New Zealand,Overall (12),103,77,29,0,3,1346,28.04
Babar Azam,Pakistan,Afghanistan,6,6,0,0,4,298,49.67
Babar Azam,Pakistan,Australia,10,10,1,3,2,606,67.33
Babar Azam,Pakistan,Bangladesh,4,4,0,0,1,123,30.75
Babar Azam,Pakistan,England,20,20,2,2,5,854,47.44
Babar Azam,Pakistan,Hong Kong,1,1,0,0,0,33,33.00
Babar Azam,Pakistan,India,8,7,0,0,1,218,31.14
Babar Azam,Pakistan,Ireland,1,1,0,0,0,29,29.00
Babar Azam,Pakistan,Nepal,1,1,0,1,0,151,151.00
Babar Azam,Pakistan,Netherlands,4,4,0,0,3,227,56.75
Babar Azam,Pakistan,New Zealand,20,20,2,2,8,906,50.33
Babar Azam,Pakistan,South Africa,11,11,2,1,4,573,63.67
Babar Azam,Pakistan,Sri Lanka,12,11,1,3,1,535,53.50
Babar Azam,Pakistan,West Indies,10,10,1,5,1,717,79.67
Babar Azam,Pakistan,Zimbabwe,9,8,4,2,2,459,114.75
Babar Azam,Pakistan,Overall (14),117,114,13,19,32,5729,56.72
Abdullah Shafique,Pakistan,Afghanistan,1,1,0,0,1,58,58.00
Abdullah Shafique,Pakistan,Australia,1,1,0,0,1,64,64.00
Abdullah Shafique,Pakistan,Bangladesh,1,1,0,0,1,68,68.00
Abdullah Shafique,Pakistan,England,1,1,0,0,0,0,0.00
Abdullah Shafique,Pakistan,India,1,1,0,0,0,20,20.00
Abdullah Shafique,Pakistan,Netherlands,1,1,0,0,0,2,2.00
Abdullah Shafique,Pakistan,New Zealand,3,3,0,0,0,30,10.00
Abdullah Shafique,Pakistan,South Africa,1,1,0,0,0,9,9.00
Abdullah Shafique,Pakistan,Sri Lanka,2,2,0,1,1,165,82.50
Abdullah Shafique,Pakistan,Overall (9),12,12,0,1,4,416,34.67
Fakhar Zaman,Pakistan,Afghanistan,5,5,0,0,0,59,11.80
Fakhar Zaman,Pakistan,Australia,4,4,0,0,1,102,25.50
Fakhar Zaman,Pakistan,Bangladesh,4,4,0,0,1,115,28.75
Fakhar Zaman,Pakistan,England,11,11,0,1,2,357,32.45
Fakhar Zaman,Pakistan,Hong Kong,1,1,0,0,0,24,24.00
Fakhar Zaman,Pakistan,India,6,5,0,1,1,234,46.80
Fakhar Zaman,Pakistan,Nepal,1,1,0,0,0,14,14.00
Fakhar Zaman,Pakistan,Netherlands,4,4,0,1,0,150,37.50
Fakhar Zaman,Pakistan,New Zealand,17,17,3,4,5,959,68.50
Fakhar Zaman,Pakistan,South Africa,10,10,0,2,1,544,54.40
Fakhar Zaman,Pakistan,Sri Lanka,9,9,0,0,3,332,36.89
Fakhar Zaman,Pakistan,West Indies,4,4,0,0,0,85,21.25
Fakhar Zaman,Pakistan,Zimbabwe,6,6,3,2,2,517,172.33
Fakhar Zaman,Pakistan,Overall (13),82,81,6,11,16,3492,46.56
Imam-ul-Haq,Pakistan,Afghanistan,6,6,0,0,3,298,49.67
Imam-ul-Haq,Pakistan,Australia,8,8,1,2,3,484,69.14
Imam-ul-Haq,Pakistan,Bangladesh,3,3,0,1,2,261,87.00
Imam-ul-Haq,Pakistan,England,8,8,2,1,1,335,55.83
Imam-ul-Haq,Pakistan,Hong Kong,1,1,1,0,1,50,
Imam-ul-Haq,Pakistan,India,6,5,0,0,0,64,12.80
Imam-ul-Haq,Pakistan,Nepal,1,1,0,0,0,5,5.00
Imam-ul-Haq,Pakistan,Netherlands,3,3,0,0,0,23,7.67
Imam-ul-Haq,Pakistan,New Zealand,9,9,1,0,2,262,32.75
Imam-ul-Haq,Pakistan,South Africa,10,10,0,1,4,459,45.90
Imam-ul-Haq,Pakistan,Sri Lanka,5,5,1,1,0,190,47.50
Imam-ul-Haq,Pakistan,West Indies,4,4,0,0,3,201,50.25
Imam-ul-Haq,Pakistan,Zimbabwe,8,8,0,3,1,506,63.25
Imam-ul-Haq,Pakistan,Overall (13),72,71,6,9,20,3138,48.28
Iftikhar Ahmed,Pakistan,Afghanistan,3,3,0,0,0,87,29.00
Iftikhar Ahmed,Pakistan,Australia,4,3,1,0,0,36,18.00
Iftikhar Ahmed,Pakistan,Bangladesh,2,1,1,0,0,17,
Iftikhar Ahmed,Pakistan,England,3,3,0,0,0,11,3.67
Iftikhar Ahmed,Pakistan,India,3,2,0,0,0,27,13.50
Iftikhar Ahmed,Pakistan,Nepal,1,1,1,1,0,109,
Iftikhar Ahmed,Pakistan,Netherlands,1,1,0,0,0,9,9.00
Iftikhar Ahmed,Pakistan,New Zealand,3,2,1,0,1,122,122.00
Iftikhar Ahmed,Pakistan,South Africa,1,1,0,0,0,21,21.00
Iftikhar Ahmed,Pakistan,Sri Lanka,4,4,3,0,0,129,129.00
Iftikhar Ahmed,Pakistan,Zimbabwe,3,3,1,0,0,46,23.00
Iftikhar Ahmed,Pakistan,Overall (11),28,24,8,1,1,614,38.38
Agha Salman,Pakistan,Afghanistan,3,3,1,0,0,59,29.50
Agha Salman,Pakistan,Bangladesh,2,1,1,0,0,12,
Agha Salman,Pakistan,England,1,1,0,0,1,51,51.00
Agha Salman,Pakistan,India,2,1,0,0,0,23,23.00
Agha Salman,Pakistan,Nepal,1,1,0,0,0,5,5.00
Agha Salman,Pakistan,Netherlands,3,3,2,0,1,101,101.00
Agha Salman,Pakistan,New Zealand,9,7,1,0,2,236,39.33
Agha Salman,Pakistan,Overall (7),21,17,5,0,4,487,40.58
Saud Shakeel,Pakistan,Afghanistan,2,2,0,0,0,34,17.00
Saud Shakeel,Pakistan,Australia,3,2,0,0,0,33,16.50
Saud Shakeel,Pakistan,Bangladesh,1,0,0,0,0,0,
Saud Shakeel,Pakistan,England,4,4,1,0,1,93,31.00
Saud Shakeel,Pakistan,India,1,1,0,0,0,6,6.00
Saud Shakeel,Pakistan,Netherlands,1,1,0,0,1,68,68.00
Saud Shakeel,Pakistan,New Zealand,1,0,0,0,0,0,
Saud Shakeel,Pakistan,South Africa,1,1,0,0,1,52,52.00
Saud Shakeel,Pakistan,Sri Lanka,1,1,0,0,0,31,31.00
Saud Shakeel,Pakistan,Overall (9),15,12,1,0,3,317,28.82
Shadab Khan,Pakistan,Afghanistan,5,5,0,0,0,141,28.20
Shadab Khan,Pakistan,Bangladesh,3,2,0,0,0,5,2.50
Shadab Khan,Pakistan,England,6,5,1,0,0,65,16.25
Shadab Khan,Pakistan,Hong Kong,1,0,0,0,0,0,
Shadab Khan,Pakistan,India,8,6,2,0,0,60,15.00
Shadab Khan,Pakistan,Nepal,1,1,0,0,0,4,4.00
Shadab Khan,Pakistan,Netherlands,3,2,1,0,0,80,80.00
Shadab Khan,Pakistan,New Zealand,12,9,3,0,2,184,30.67
Shadab Khan,Pakistan,South Africa,10,7,2,0,0,145,29.00
Shadab Khan,Pakistan,Sri Lanka,9,2,1,0,1,55,55.00
Shadab Khan,Pakistan,West Indies,7,4,0,0,1,114,28.50
Shadab Khan,Pakistan,Zimbabwe,5,1,1,0,0,2,
Shadab Khan,Pakistan,Overall (12),70,44,11,0,4,855,25.91
Mohammad Nawaz,Pakistan,Afghanistan,2,2,0,0,0,40,20.00
Mohammad Nawaz,Pakistan,Australia,2,2,0,0,0,15,7.50
Mohammad Nawaz,Pakistan,Bangladesh,1,1,0,0,0,8,8.00
Mohammad Nawaz,Pakistan,England,4,4,1,0,0,66,22.00
Mohammad Nawaz,Pakistan,India,3,2,1,0,0,19,19.00
Mohammad Nawaz,Pakistan,Ireland,1,1,0,0,1,53,53.00
Mohammad Nawaz,Pakistan,Nepal,1,0,0,0,0,0,
Mohammad Nawaz,Pakistan,Netherlands,4,3,0,0,0,70,23.33
Mohammad Nawaz,Pakistan,New Zealand,7,5,2,0,0,53,17.67
Mohammad Nawaz,Pakistan,South Africa,2,2,0,0,0,28,14.00
Mohammad Nawaz,Pakistan,Sri Lanka,3,1,0,0,0,12,12.00
Mohammad Nawaz,Pakistan,West Indies,6,5,2,0,0,42,14.00
Mohammad Nawaz,Pakistan,Zimbabwe,1,0,0,0,0,0,
Mohammad Nawaz,Pakistan,Overall (13),37,28,6,0,1,406,18.45
Vikramjit Singh,Netherlands,Australia,1,1,0,0,0,25,25.00
Vikramjit Singh,Netherlands,Bangladesh,1,1,0,0,0,3,3.00
Vikramjit Singh,Netherlands,England,3,3,0,0,0,29,9.67
Vikramjit Singh,Netherlands,Nepal,1,1,0,0,0,30,30.00
Vikramjit Singh,Netherlands,New Zealand,4,4,0,0,0,87,21.75
Vikramjit Singh,Netherlands,Oman,1,1,0,1,0,110,110.00
Vikramjit Singh,Netherlands,Pakistan,4,4,0,0,3,168,42.00
Vikramjit Singh,Netherlands,Scotland,1,1,0,0,0,40,40.00
Vikramjit Singh,Netherlands,South Africa,3,3,0,0,0,68,22.67
Vikramjit Singh,Netherlands,Sri Lanka,3,3,0,0,0,17,5.67
Vikramjit Singh,Netherlands,United States,1,1,0,0,0,8,8.00
Vikramjit Singh,Netherlands,West Indies,4,4,0,0,1,184,46.00
Vikramjit Singh,Netherlands,Zimbabwe,4,4,0,0,1,137,34.25
Vikramjit Singh,Netherlands,Overall (13),31,31,0,1,5,906,29.23
Sybrand Engelbrecht,Netherlands,Afghanistan,1,1,0,0,1,58,58.00
Sybrand Engelbrecht,Netherlands,Australia,1,1,0,0,0,11,11.00
Sybrand Engelbrecht,Netherlands,Bangladesh,1,1,0,0,0,35,35.00
Sybrand Engelbrecht,Netherlands,England,1,1,0,0,0,33,33.00
Sybrand Engelbrecht,Netherlands,India,1,1,0,0,0,45,45.00
Sybrand Engelbrecht,Netherlands,New Zealand,1,1,0,0,0,29,29.00
Sybrand Engelbrecht,Netherlands,South Africa,1,1,0,0,0,19,19.00
Sybrand Engelbrecht,Netherlands,Sri Lanka,1,1,0,0,1,70,70.00
Sybrand Engelbrecht,Netherlands,Overall (8),8,8,0,0,2,300,37.50
Scott Edwards,Netherlands,Afghanistan,4,4,0,0,3,208,52.00
Scott Edwards,Netherlands,Australia,1,1,1,0,0,12,
Scott Edwards,Netherlands,Bangladesh,1,1,0,0,1,68,68.00
Scott Edwards,Netherlands,England,4,4,1,0,3,252,84.00
Scott Edwards,Netherlands,India,1,1,0,0,0,17,17.00
Scott Edwards,Netherlands,Ireland,3,3,0,0,0,24,8.00
Scott Edwards,Netherlands,Nepal,3,2,0,0,0,27,13.50
Scott Edwards,Netherlands,New Zealand,4,4,0,0,0,46,11.50
Scott Edwards,Netherlands,Oman,1,1,0,0,0,4,4.00
Scott Edwards,Netherlands,Pakistan,4,4,1,0,1,82,27.33
Scott Edwards,Netherlands,Scotland,3,3,0,0,1,85,28.33
Scott Edwards,Netherlands,South Africa,4,3,1,0,1,125,62.50
Scott Edwards,Netherlands,Sri Lanka,3,3,1,0,1,84,42.00
Scott Edwards,Netherlands,United States,1,1,1,0,1,67,
Scott Edwards,Netherlands,West Indies,4,4,0,0,2,166,41.50
Scott Edwards,Netherlands,Zimbabwe,6,5,1,0,1,204,51.00
Scott Edwards,Netherlands,Overall (16),47,44,7,0,15,1471,39.76
Wesley Barresi,Netherlands,Afghanistan,5,4,1,0,2,103,34.33
Wesley Barresi,Netherlands,Bangladesh,3,3,1,0,1,115,57.50
Wesley Barresi,Netherlands,Canada,4,4,1,0,0,37,12.33
Wesley Barresi,Netherlands,England,2,2,0,0,0,66,33.00
Wesley Barresi,Netherlands,India,2,2,0,0,0,30,15.00
Wesley Barresi,Netherlands,Ireland,6,6,0,0,1,179,29.83
Wesley Barresi,Netherlands,Kenya,4,4,1,1,1,241,80.33
Wesley Barresi,Netherlands,Nepal,3,3,0,0,1,86,28.67
Wesley Barresi,Netherlands,Oman,1,1,0,0,1,97,97.00
Wesley Barresi,Netherlands,Pakistan,2,2,0,0,0,5,2.50
Wesley Barresi,Netherlands,Scotland,4,4,0,0,0,62,15.50
Wesley Barresi,Netherlands,South Africa,4,4,0,0,0,80,20.00
Wesley Barresi,Netherlands,Sri Lanka,2,2,0,0,1,52,26.00
Wesley Barresi,Netherlands,United States,1,1,0,0,0,29,29.00
Wesley Barresi,Netherlands,West Indies,2,2,0,0,0,27,13.50
Wesley Barresi,Netherlands,Zimbabwe,4,4,1,0,0,67,22.33
Wesley Barresi,Netherlands,Overall (16),49,48,5,1,8,1276,29.67
Saqib Zulfiqar,Netherlands,Afghanistan,4,4,0,0,0,36,9.00
Saqib Zulfiqar,Netherlands,Ireland,2,2,0,0,0,25,12.50
Saqib Zulfiqar,Netherlands,Oman,1,1,0,0,0,33,33.00
Saqib Zulfiqar,Netherlands,Pakistan,1,1,0,0,0,10,10.00
Saqib Zulfiqar,Netherlands,Scotland,2,2,1,0,0,45,45.00
Saqib Zulfiqar,Netherlands,Sri Lanka,2,2,0,0,0,8,4.00
Saqib Zulfiqar,Netherlands,West Indies,1,1,0,0,0,3,3.00
Saqib Zulfiqar,Netherlands,Zimbabwe,2,2,1,0,0,34,34.00
Saqib Zulfiqar,Netherlands,Overall (8),15,15,2,0,0,194,14.92
Max O'Dowd,Netherlands,Afghanistan,1,1,0,0,0,42,42.00
Max O'Dowd,Netherlands,Australia,1,1,0,0,0,6,6.00
Max O'Dowd,Netherlands,Bangladesh,1,1,0,0,0,0,0.00
Max O'Dowd,Netherlands,England,4,4,0,0,2,117,29.25
Max O'Dowd,Netherlands,India,1,1,0,0,0,30,30.00
Max O'Dowd,Netherlands,Ireland,3,3,0,0,0,95,31.67
Max O'Dowd,Netherlands,Nepal,1,1,0,0,1,90,90.00
Max O'Dowd,Netherlands,New Zealand,4,4,0,0,0,36,9.00
Max O'Dowd,Netherlands,Oman,1,1,0,0,0,35,35.00
Max O'Dowd,Netherlands,Pakistan,4,4,0,0,0,10,2.50
Max O'Dowd,Netherlands,Scotland,3,3,0,0,1,110,36.67
Max O'Dowd,Netherlands,South Africa,4,4,1,0,0,92,30.67
Max O'Dowd,Netherlands,Sri Lanka,3,3,0,0,0,49,16.33
Max O'Dowd,Netherlands,United States,1,1,0,0,0,26,26.00
Max O'Dowd,Netherlands,West Indies,4,4,0,0,2,215,53.75
Max O'Dowd,Netherlands,Zimbabwe,6,6,1,0,4,343,68.60
Max O'Dowd,Netherlands,Overall (16),42,42,2,0,10,1296,32.40
Colin Ackermann,Netherlands,Afghanistan,4,4,0,0,1,125,31.25
Colin Ackermann,Netherlands,Australia,1,1,0,0,0,10,10.00
Colin Ackermann,Netherlands,Bangladesh,1,1,0,0,0,15,15.00
Colin Ackermann,Netherlands,England,1,1,0,0,0,0,0.00
Colin Ackermann,Netherlands,India,1,1,0,0,0,35,35.00
Colin Ackermann,Netherlands,New Zealand,1,1,0,0,1,69,69.00
Colin Ackermann,Netherlands,Pakistan,1,1,0,0,0,17,17.00
Colin Ackermann,Netherlands,South Africa,2,1,0,0,0,12,12.00
Colin Ackermann,Netherlands,Sri Lanka,1,1,0,0,0,29,29.00
Colin Ackermann,Netherlands,Zimbabwe,3,3,0,0,1,115,38.33
Colin Ackermann,Netherlands,Overall (10),16,15,0,0,3,427,28.47
Bas De Leede,Netherlands,Afghanistan,4,4,0,0,0,54,13.50
Bas De Leede,Netherlands,Australia,1,1,0,0,0,4,4.00
Bas De Leede,Netherlands,Bangladesh,1,1,0,0,0,17,17.00
Bas De Leede,Netherlands,England,4,4,0,0,1,128,32.00
Bas De Leede,Netherlands,India,1,1,0,0,0,12,12.00
Bas De Leede,Netherlands,Ireland,3,3,0,0,0,62,20.67
Bas De Leede,Netherlands,Nepal,3,3,1,0,0,71,35.50
Bas De Leede,Netherlands,New Zealand,4,4,0,0,0,83,20.75
Bas De Leede,Netherlands,Oman,1,1,0,0,0,39,39.00
Bas De Leede,Netherlands,Pakistan,4,4,0,0,2,177,44.25
Bas De Leede,Netherlands,Scotland,2,2,0,1,0,123,61.50
Bas De Leede,Netherlands,South Africa,2,1,0,0,0,2,2.00
Bas De Leede,Netherlands,Sri Lanka,2,2,0,0,0,47,23.50
Bas De Leede,Netherlands,United States,1,1,0,0,0,4,4.00
Bas De Leede,Netherlands,West Indies,4,4,0,0,0,75,18.75
Bas De Leede,Netherlands,Zimbabwe,2,2,0,0,0,6,3.00
Bas De Leede,Netherlands,Overall (16),39,38,1,1,3,904,24.43
Teja Nidamanuru,Netherlands,Australia,1,1,0,0,0,14,14.00
Teja Nidamanuru,Netherlands,England,3,3,1,0,0,73,36.50
Teja Nidamanuru,Netherlands,India,1,1,0,0,1,54,54.00
Teja Nidamanuru,Netherlands,Nepal,1,1,1,0,0,2,
Teja Nidamanuru,Netherlands,New Zealand,1,1,0,0,0,21,21.00
Teja Nidamanuru,Netherlands,Oman,1,1,0,0,0,2,2.00
Teja Nidamanuru,Netherlands,Pakistan,4,4,0,0,0,44,11.00
Teja Nidamanuru,Netherlands,Scotland,1,1,0,0,0,10,10.00
Teja Nidamanuru,Netherlands,South Africa,2,2,0,0,0,68,34.00
Teja Nidamanuru,Netherlands,Sri Lanka,3,3,0,0,0,9,3.00
Teja Nidamanuru,Netherlands,United States,1,1,0,0,1,58,58.00
Teja Nidamanuru,Netherlands,West Indies,4,4,1,1,1,181,60.33
Teja Nidamanuru,Netherlands,Zimbabwe,4,4,1,1,0,129,43.00
Teja Nidamanuru,Netherlands,Overall (13),27,27,4,2,3,665,28.91
Shariz Ahmad,Netherlands,Bangladesh,1,1,0,0,0,6,6.00
Shariz Ahmad,Netherlands,Nepal,1,0,0,0,0,0,
Shariz Ahmad,Netherlands,Pakistan,1,1,0,0,0,5,5.00
Shariz Ahmad,Netherlands,South Africa,2,2,0,0,0,4,2.00
Shariz Ahmad,Netherlands,Sri Lanka,1,1,0,0,0,2,2.00
Shariz Ahmad,Netherlands,United States,1,0,0,0,0,0,
Shariz Ahmad,Netherlands,West Indies,1,1,1,0,0,1,
Shariz Ahmad,Netherlands,Zimbabwe,4,3,0,0,0,52,17.33
Shariz Ahmad,Netherlands,Overall (8),12,9,1,0,0,70,8.75
Roelof Van Der Merwe,Netherlands,Afghanistan,1,1,0,0,0,11,11.00
Roelof Van Der Merwe,Netherlands,Australia,5,3,1,0,0,9,4.50
Roelof Van Der Merwe,Netherlands,England,4,3,0,0,0,5,1.67
Roelof Van Der Merwe,Netherlands,India,3,2,0,0,0,28,14.00
Roelof Van Der Merwe,Netherlands,New Zealand,2,1,0,0,0,1,1.00
Roelof Van Der Merwe,Netherlands,Pakistan,1,1,0,0,0,4,4.00
Roelof Van Der Merwe,Netherlands,South Africa,2,1,0,0,0,29,29.00
Roelof Van Der Merwe,Netherlands,Sri Lanka,2,2,1,0,0,10,10.00
Roelof Van Der Merwe,Netherlands,West Indies,1,1,1,0,0,10,
Roelof Van Der Merwe,Netherlands,Zimbabwe,3,1,0,0,1,57,57.00
Roelof Van Der Merwe,Netherlands,Overall (10),24,16,3,0,1,164,12.62
Rahmanulla Gurbaz,Afghanistan,Australia,1,1,0,0,0,21,21.00
Rahmanulla Gurbaz,Afghanistan,Bangladesh,8,8,1,2,0,341,48.71
Rahmanulla Gurbaz,Afghanistan,England,1,1,0,0,1,80,80.00
Rahmanulla Gurbaz,Afghanistan,India,1,1,0,0,0,21,21.00
Rahmanulla Gurbaz,Afghanistan,Ireland,3,3,0,1,0,180,60.00
Rahmanulla Gurbaz,Afghanistan,Netherlands,4,4,0,1,0,138,34.50
Rahmanulla Gurbaz,Afghanistan,New Zealand,1,1,0,0,0,11,11.00
Rahmanulla Gurbaz,Afghanistan,Pakistan,4,4,0,1,1,239,59.75
Rahmanulla Gurbaz,Afghanistan,South Africa,1,1,0,0,0,25,25.00
Rahmanulla Gurbaz,Afghanistan,Sri Lanka,8,8,0,0,2,154,19.25
Rahmanulla Gurbaz,Afghanistan,Zimbabwe,3,3,0,0,0,28,9.33
Rahmanulla Gurbaz,Afghanistan,Overall (11),35,35,1,5,4,1238,36.41
Ibrahim Zadran,Afghanistan,Australia,1,1,1,1,0,129,
Ibrahim Zadran,Afghanistan,Bangladesh,6,6,1,1,1,258,51.60
Ibrahim Zadran,Afghanistan,England,1,1,0,0,0,28,28.00
Ibrahim Zadran,Afghanistan,India,1,1,0,0,0,22,22.00
Ibrahim Zadran,Afghanistan,Netherlands,1,1,0,0,0,20,20.00
Ibrahim Zadran,Afghanistan,New Zealand,1,1,0,0,0,14,14.00
Ibrahim Zadran,Afghanistan,Pakistan,4,4,0,0,2,167,41.75
Ibrahim Zadran,Afghanistan,South Africa,1,1,0,0,0,15,15.00
Ibrahim Zadran,Afghanistan,Sri Lanka,8,8,0,2,2,498,62.25
Ibrahim Zadran,Afghanistan,West Indies,1,1,0,0,0,2,2.00
Ibrahim Zadran,Afghanistan,Zimbabwe,3,3,1,1,0,134,67.00
Ibrahim Zadran,Afghanistan,Overall (11),28,28,3,5,5,1287,51.48
Ikram Ali khil,Afghanistan,Australia,1,0,0,0,0,0,
Ikram Ali khil,Afghanistan,Bangladesh,1,1,0,0,0,11,11.00
Ikram Ali khil,Afghanistan,England,2,2,1,0,1,61,61.00
Ikram Ali khil,Afghanistan,India,1,1,1,0,0,7,
Ikram Ali khil,Afghanistan,Ireland,2,2,1,0,0,6,6.00
Ikram Ali khil,Afghanistan,Netherlands,1,0,0,0,0,0,
Ikram Ali khil,Afghanistan,New Zealand,2,2,1,0,0,21,21.00
Ikram Ali khil,Afghanistan,Pakistan,4,2,0,0,0,28,14.00
Ikram Ali khil,Afghanistan,South Africa,2,2,0,0,0,21,10.50
Ikram Ali khil,Afghanistan,Sri Lanka,1,0,0,0,0,0,
Ikram Ali khil,Afghanistan,West Indies,4,4,0,0,2,172,43.00
Ikram Ali khil,Afghanistan,Overall (11),21,16,4,0,3,327,27.25
Najibullah Zadran,Afghanistan,Australia,3,3,0,0,1,75,25.00
Najibullah Zadran,Afghanistan,Bangladesh,14,13,1,0,2,280,23.33
Najibullah Zadran,Afghanistan,England,2,2,1,0,0,27,27.00
Najibullah Zadran,Afghanistan,Hong Kong,1,1,0,0,0,32,32.00
Najibullah Zadran,Afghanistan,India,4,4,0,0,0,48,12.00
Najibullah Zadran,Afghanistan,Ireland,18,16,4,1,4,553,46.08
Najibullah Zadran,Afghanistan,Netherlands,3,3,1,0,1,100,50.00
Najibullah Zadran,Afghanistan,New Zealand,2,2,0,0,1,60,30.00
Najibullah Zadran,Afghanistan,Pakistan,3,3,0,0,0,48,16.00
Najibullah Zadran,Afghanistan,Scotland,7,5,1,0,2,172,43.00
Najibullah Zadran,Afghanistan,Sri Lanka,11,11,1,0,1,243,24.30
Najibullah Zadran,Afghanistan,United Arab Emirates,1,1,1,0,1,63,
Najibullah Zadran,Afghanistan,West Indies,6,5,0,0,1,136,27.20
Najibullah Zadran,Afghanistan,Zimbabwe,17,15,3,0,1,223,18.58
Najibullah Zadran,Afghanistan,Overall (14),92,84,13,1,15,2060,29.01
Hashmatullah Shahidi,Afghanistan,Australia,2,2,0,0,0,44,22.00
Hashmatullah Shahidi,Afghanistan,Bangladesh,14,14,1,0,4,363,27.92
Hashmatullah Shahidi,Afghanistan,England,2,2,0,0,1,90,45.00
Hashmatullah Shahidi,Afghanistan,Hong Kong,1,1,1,0,0,38,
Hashmatullah Shahidi,Afghanistan,India,3,3,0,0,1,101,33.67
Hashmatullah Shahidi,Afghanistan,Ireland,12,12,1,0,3,368,33.45
Hashmatullah Shahidi,Afghanistan,Kenya,2,2,1,0,0,13,13.00
Hashmatullah Shahidi,Afghanistan,Netherlands,4,4,1,0,3,211,70.33
Hashmatullah Shahidi,Afghanistan,New Zealand,2,2,0,0,1,67,33.50
Hashmatullah Shahidi,Afghanistan,Pakistan,6,6,3,0,1,173,57.67
Hashmatullah Shahidi,Afghanistan,Scotland,1,1,1,0,1,59,
Hashmatullah Shahidi,Afghanistan,South Africa,2,2,0,0,0,10,5.00
Hashmatullah Shahidi,Afghanistan,Sri Lanka,10,10,1,0,3,291,32.33
Hashmatullah Shahidi,Afghanistan,United Arab Emirates,1,1,0,0,0,3,3.00
Hashmatullah Shahidi,Afghanistan,Zimbabwe,11,11,2,0,1,254,28.22
Hashmatullah Shahidi,Afghanistan,Overall (15),73,73,12,0,19,2085,34.18
Rahmat Shah,Afghanistan,Australia,2,2,0,0,0,73,36.50
Rahmat Shah,Afghanistan,Bangladesh,14,14,0,0,2,336,24.00
Rahmat Shah,Afghanistan,England,2,2,0,0,0,49,24.50
Rahmat Shah,Afghanistan,Hong Kong,2,2,0,0,0,34,17.00
Rahmat Shah,Afghanistan,India,4,4,0,0,0,64,16.00
Rahmat Shah,Afghanistan,Ireland,26,26,2,2,5,885,36.88
Rahmat Shah,Afghanistan,Kenya,2,0,0,0,0,0,
Rahmat Shah,Afghanistan,Netherlands,4,4,0,0,2,205,51.25
Rahmat Shah,Afghanistan,New Zealand,2,2,0,0,0,36,18.00
Rahmat Shah,Afghanistan,Pakistan,4,4,1,0,1,148,49.33
Rahmat Shah,Afghanistan,Scotland,6,6,1,2,0,284,56.80
Rahmat Shah,Afghanistan,South Africa,2,2,0,0,0,32,16.00
Rahmat Shah,Afghanistan,Sri Lanka,10,10,0,0,5,411,41.10
Rahmat Shah,Afghanistan,United Arab Emirates,2,2,0,0,0,23,11.50
Rahmat Shah,Afghanistan,West Indies,9,8,0,0,4,303,37.88
Rahmat Shah,Afghanistan,Zimbabwe,15,14,0,1,7,706,50.43
Rahmat Shah,Afghanistan,Overall (16),106,102,4,5,26,3589,36.62
Mohammad Nabi,Afghanistan,Australia,4,4,0,0,0,67,16.75
Mohammad Nabi,Afghanistan,Bangladesh,16,14,1,0,0,268,20.62
Mohammad Nabi,Afghanistan,Canada,5,5,1,0,2,190,47.50
Mohammad Nabi,Afghanistan,England,3,3,0,0,0,34,11.33
Mohammad Nabi,Afghanistan,Hong Kong,2,2,1,0,0,52,52.00
Mohammad Nabi,Afghanistan,India,4,4,0,0,2,141,35.25
Mohammad Nabi,Afghanistan,Ireland,29,25,1,0,2,506,21.08
Mohammad Nabi,Afghanistan,Kenya,6,5,2,0,1,176,58.67
Mohammad Nabi,Afghanistan,Netherlands,7,5,2,0,0,66,22.00
Mohammad Nabi,Afghanistan,New Zealand,3,3,0,0,0,22,7.33
Mohammad Nabi,Afghanistan,Pakistan,8,7,0,0,0,114,16.29
Mohammad Nabi,Afghanistan,Scotland,12,8,1,0,3,222,31.71
Mohammad Nabi,Afghanistan,South Africa,2,2,0,0,0,3,1.50
Mohammad Nabi,Afghanistan,Sri Lanka,12,11,1,0,1,256,25.60
Mohammad Nabi,Afghanistan,United Arab Emirates,6,6,0,0,1,175,29.17
Mohammad Nabi,Afghanistan,West Indies,9,8,3,0,1,183,36.60
Mohammad Nabi,Afghanistan,Zimbabwe,28,25,2,1,3,733,31.87
Mohammad Nabi,Afghanistan,Overall (17),156,137,15,1,16,3208,26.30
Rashid Khan,Afghanistan,Australia,2,2,1,0,0,62,62.00
Rashid Khan,Afghanistan,Bangladesh,13,11,1,0,1,161,16.10
Rashid Khan,Afghanistan,England,2,2,0,0,0,31,15.50
Rashid Khan,Afghanistan,Hong Kong,1,1,0,0,0,14,14.00
Rashid Khan,Afghanistan,India,3,3,1,0,0,42,21.00
Rashid Khan,Afghanistan,Ireland,26,20,4,0,4,548,34.25
Rashid Khan,Afghanistan,Netherlands,4,3,1,0,0,32,16.00
Rashid Khan,Afghanistan,New Zealand,2,2,0,0,0,8,4.00
Rashid Khan,Afghanistan,Pakistan,6,4,0,0,0,26,6.50
Rashid Khan,Afghanistan,Scotland,3,1,0,0,0,0,0.00
Rashid Khan,Afghanistan,South Africa,2,2,0,0,0,49,24.50
Rashid Khan,Afghanistan,Sri Lanka,8,7,1,0,0,64,10.67
Rashid Khan,Afghanistan,United Arab Emirates,1,0,0,0,0,0,
Rashid Khan,Afghanistan,West Indies,9,6,1,0,0,31,6.20
Rashid Khan,Afghanistan,Zimbabwe,21,17,4,0,0,248,19.08
Rashid Khan,Afghanistan,Overall (15),103,81,14,0,5,1316,19.64
Azmatullah Omarzai,Afghanistan,Australia,1,1,0,0,0,22,22.00
Azmatullah Omarzai,Afghanistan,Bangladesh,6,4,0,0,1,89,22.25
Azmatullah Omarzai,Afghanistan,England,1,1,0,0,0,19,19.00
Azmatullah Omarzai,Afghanistan,India,1,1,0,0,1,62,62.00
Azmatullah Omarzai,Afghanistan,Ireland,1,1,0,0,0,2,2.00
Azmatullah Omarzai,Afghanistan,Netherlands,2,2,2,0,0,46,
Azmatullah Omarzai,Afghanistan,New Zealand,1,1,0,0,0,27,27.00
Azmatullah Omarzai,Afghanistan,Pakistan,2,1,1,0,0,16,
Azmatullah Omarzai,Afghanistan,South Africa,1,1,1,0,1,97,
Azmatullah Omarzai,Afghanistan,Sri Lanka,3,2,1,0,1,101,101.00
Azmatullah Omarzai,Afghanistan,Zimbabwe,3,1,0,0,0,9,9.00
Azmatullah Omarzai,Afghanistan,Overall (11),22,16,5,0,4,490,44.55
Jonny Bairstow,England,Afghanistan,2,2,0,0,1,92,46.00
Jonny Bairstow,England,Australia,19,19,0,2,3,772,40.63
Jonny Bairstow,England,Bangladesh,5,5,0,0,2,153,30.60
Jonny Bairstow,England,India,18,17,1,2,2,641,40.06
Jonny Bairstow,England,Ireland,6,5,2,0,2,170,56.67
Jonny Bairstow,England,Netherlands,1,1,0,0,0,15,15.00
Jonny Bairstow,England,New Zealand,12,12,1,3,1,579,52.64
Jonny Bairstow,England,Pakistan,9,8,0,1,3,439,54.88
Jonny Bairstow,England,Scotland,1,1,0,1,0,105,105.00
Jonny Bairstow,England,South Africa,10,8,0,0,2,243,30.38
Jonny Bairstow,England,Sri Lanka,13,10,1,0,0,211,23.44
Jonny Bairstow,England,West Indies,11,10,3,2,1,448,64.00
Jonny Bairstow,England,Overall (12),107,98,8,11,17,3868,42.98
Dawid Malan,England,Afghanistan,1,1,0,0,0,32,32.00
Dawid Malan,England,Australia,4,4,0,1,1,186,46.50
Dawid Malan,England,Bangladesh,4,4,1,2,0,265,88.33
Dawid Malan,England,India,3,3,1,0,1,82,41.00
Dawid Malan,England,Ireland,1,1,0,0,0,24,24.00
Dawid Malan,England,Netherlands,4,4,1,1,1,248,82.67
Dawid Malan,England,New Zealand,4,4,0,1,2,291,72.75
Dawid Malan,England,Pakistan,4,4,1,0,1,99,33.00
Dawid Malan,England,South Africa,4,4,0,1,1,195,48.75
Dawid Malan,England,Sri Lanka,1,1,0,0,0,28,28.00
Dawid Malan,England,Overall (10),30,30,4,6,7,1450,55.77
Joe Root,England,Afghanistan,3,2,0,0,1,99,49.50
Joe Root,England,Australia,29,29,4,0,5,667,26.68
Joe Root,England,Bangladesh,4,4,1,1,1,265,88.33
Joe Root,England,India,22,20,3,3,3,739,43.47
Joe Root,England,Ireland,3,3,1,0,1,129,64.50
Joe Root,England,Netherlands,1,1,0,0,0,28,28.00
Joe Root,England,New Zealand,26,26,4,3,6,1048,47.64
Joe Root,England,Pakistan,17,16,0,1,7,835,52.19
Joe Root,England,Scotland,3,3,0,0,0,47,15.67
Joe Root,England,South Africa,17,15,0,2,3,683,45.53
Joe Root,England,Sri Lanka,29,26,7,2,9,1178,62.00
Joe Root,England,West Indies,17,15,3,4,3,804,67.00
Joe Root,England,Overall (12),171,160,23,16,39,6522,47.61
Harry Brook,England,Afghanistan,1,1,0,0,1,66,66.00
Harry Brook,England,Bangladesh,1,1,0,0,0,20,20.00
Harry Brook,England,Netherlands,1,1,0,0,0,11,11.00
Harry Brook,England,New Zealand,4,4,0,0,0,62,15.50
Harry Brook,England,Pakistan,1,1,0,0,0,30,30.00
Harry Brook,England,South Africa,4,4,0,0,1,103,25.75
Harry Brook,England,Overall (6),12,12,0,0,2,292,24.33
Jos Buttler,England,Afghanistan,3,2,0,0,0,11,5.50
Jos Buttler,England,Australia,35,33,7,2,5,969,37.27
Jos Buttler,England,Bangladesh,10,9,0,0,5,405,45.00
Jos Buttler,England,India,23,20,0,0,3,435,21.75
Jos Buttler,England,Ireland,1,0,0,0,0,0,
Jos Buttler,England,Netherlands,4,3,2,1,1,253,253.00
Jos Buttler,England,New Zealand,25,22,3,1,4,781,41.11
Jos Buttler,England,Pakistan,15,13,4,3,1,549,61.00
Jos Buttler,England,Scotland,2,2,0,0,0,33,16.50
Jos Buttler,England,South Africa,17,15,3,2,2,555,46.25
Jos Buttler,England,Sri Lanka,26,20,5,1,3,582,38.80
Jos Buttler,England,West Indies,17,12,2,1,1,388,38.80
Jos Buttler,England,Overall (12),178,151,26,11,25,4961,39.69
Liam Livingstone,England,Afghanistan,1,1,0,0,0,10,10.00
Liam Livingstone,England,Australia,1,1,0,0,0,2,2.00
Liam Livingstone,England,Bangladesh,1,1,0,0,0,0,0.00
Liam Livingstone,England,India,6,6,1,0,0,150,30.00
Liam Livingstone,England,Netherlands,3,2,1,0,1,70,70.00
Liam Livingstone,England,New Zealand,5,5,1,0,2,206,51.50
Liam Livingstone,England,South Africa,3,2,0,0,0,48,24.00
Liam Livingstone,England,Sri Lanka,2,2,0,0,0,10,5.00
Liam Livingstone,England,Overall (8),22,20,3,0,3,496,29.18
Moeen Ali,England,Afghanistan,1,1,1,0,0,31,
Moeen Ali,England,Australia,25,23,2,0,0,341,16.24
Moeen Ali,England,Bangladesh,8,7,0,0,0,88,12.57
Moeen Ali,England,India,17,15,0,0,2,392,26.13
Moeen Ali,England,Ireland,3,2,0,0,0,1,0.50
Moeen Ali,England,Netherlands,4,2,1,0,0,46,46.00
Moeen Ali,England,New Zealand,11,9,0,0,0,145,16.11
Moeen Ali,England,Pakistan,15,11,5,0,0,163,27.17
Moeen Ali,England,Scotland,2,2,0,1,0,174,87.00
Moeen Ali,England,South Africa,15,14,3,0,2,301,27.36
Moeen Ali,England,Sri Lanka,21,15,0,1,1,356,23.73
Moeen Ali,England,West Indies,16,11,3,1,1,317,39.63
Moeen Ali,England,Overall (12),138,112,15,3,6,2355,24.28
Ben Stokes,England,Afghanistan,1,1,0,0,0,2,2.00
Ben Stokes,England,Australia,18,16,1,1,3,538,35.87
Ben Stokes,England,Bangladesh,5,4,1,1,0,154,51.33
Ben Stokes,England,India,21,18,2,0,5,522,32.63
Ben Stokes,England,Ireland,2,1,0,0,0,3,3.00
Ben Stokes,England,Netherlands,1,1,0,1,0,108,108.00
Ben Stokes,England,New Zealand,16,16,4,1,4,661,55.08
Ben Stokes,England,Pakistan,16,12,2,0,4,515,51.50
Ben Stokes,England,South Africa,10,10,0,1,3,366,36.60
Ben Stokes,England,Sri Lanka,10,7,2,0,2,264,52.80
Ben Stokes,England,West Indies,14,13,3,0,3,330,33.00
Ben Stokes,England,Overall (11),114,99,15,5,24,3463,41.23
Sam Curran,England,Afghanistan,1,1,0,0,0,10,10.00
Sam Curran,England,Australia,4,4,0,0,0,28,7.00
Sam Curran,England,Bangladesh,3,3,1,0,0,67,33.50
Sam Curran,England,India,3,2,1,0,1,107,107.00
Sam Curran,England,Netherlands,2,0,0,0,0,0,
Sam Curran,England,New Zealand,4,4,0,0,0,79,19.75
Sam Curran,England,South Africa,8,6,0,0,0,116,19.33
Sam Curran,England,Sri Lanka,4,2,1,0,0,11,11.00
Sam Curran,England,Overall (8),29,22,3,0,1,418,22.00
Chris Woakes,England,Afghanistan,2,2,1,0,0,10,10.00
Chris Woakes,England,Australia,22,20,5,0,3,409,27.27
Chris Woakes,England,Bangladesh,9,8,3,0,0,165,33.00
Chris Woakes,England,India,13,11,2,0,0,123,13.67
Chris Woakes,England,Ireland,1,1,1,0,0,19,
Chris Woakes,England,Netherlands,1,1,0,0,1,51,51.00
Chris Woakes,England,New Zealand,16,13,2,0,0,124,11.27
Chris Woakes,England,Pakistan,14,6,2,0,0,88,22.00
Chris Woakes,England,Scotland,1,1,0,0,0,1,1.00
Chris Woakes,England,South Africa,10,8,3,0,0,148,29.60
Chris Woakes,England,Sri Lanka,21,11,3,0,1,231,28.88
Chris Woakes,England,West Indies,12,6,2,0,1,155,38.75
Chris Woakes,England,Overall (12),122,88,24,0,6,1524,23.81
David Willey,England,Australia,11,10,5,0,0,128,25.60
David Willey,England,Bangladesh,2,2,1,0,0,9,9.00
David Willey,England,India,10,8,3,0,1,162,32.40
David Willey,England,Ireland,7,4,2,0,1,119,59.50
David Willey,England,Netherlands,4,1,0,0,0,6,6.00
David Willey,England,New Zealand,8,6,3,0,0,73,24.33
David Willey,England,Pakistan,10,5,1,0,0,52,13.00
David Willey,England,Scotland,1,1,0,0,0,7,7.00
David Willey,England,South Africa,8,6,2,0,0,85,21.25
David Willey,England,Sri Lanka,9,2,1,0,0,21,21.00
David Willey,England,West Indies,3,1,1,0,0,1,
David Willey,England,Overall (11),73,46,19,0,2,663,24.56
Tanzid Hasan,Bangladesh,Afghanistan,1,1,0,0,0,5,5.00
Tanzid Hasan,Bangladesh,Australia,1,1,0,0,0,36,36.00
Tanzid Hasan,Bangladesh,England,1,1,0,0,0,1,1.00
Tanzid Hasan,Bangladesh,India,2,2,0,0,1,64,32.00
Tanzid Hasan,Bangladesh,Netherlands,1,1,0,0,0,15,15.00
Tanzid Hasan,Bangladesh,New Zealand,4,3,0,0,0,37,12.33
Tanzid Hasan,Bangladesh,Pakistan,1,1,0,0,0,0,0.00
Tanzid Hasan,Bangladesh,South Africa,1,1,0,0,0,12,12.00
Tanzid Hasan,Bangladesh,Sri Lanka,2,2,0,0,0,9,4.50
Tanzid Hasan,Bangladesh,Overall (9),14,13,0,0,1,179,13.77
Litton Das,Bangladesh,Afghanistan,10,10,1,1,2,391,43.44
Litton Das,Bangladesh,Australia,2,2,0,0,0,56,28.00
Litton Das,Bangladesh,England,4,4,0,0,1,83,20.75
Litton Das,Bangladesh,India,11,11,0,1,1,371,33.73
Litton Das,Bangladesh,Ireland,7,7,1,0,3,278,46.33
Litton Das,Bangladesh,Netherlands,1,1,0,0,0,3,3.00
Litton Das,Bangladesh,New Zealand,9,8,0,0,0,49,6.13
Litton Das,Bangladesh,Pakistan,4,4,0,0,0,99,24.75
Litton Das,Bangladesh,South Africa,10,10,1,0,1,198,22.00
Litton Das,Bangladesh,Sri Lanka,5,5,0,0,0,63,12.60
Litton Das,Bangladesh,West Indies,10,10,2,0,2,285,35.63
Litton Das,Bangladesh,Zimbabwe,13,13,2,3,2,658,59.82
Litton Das,Bangladesh,Overall (12),86,85,7,5,12,2534,32.49
Najmul Hossain Shanto,Bangladesh,Afghanistan,7,7,1,1,1,200,33.33
Najmul Hossain Shanto,Bangladesh,Australia,1,1,0,0,0,45,45.00
Najmul Hossain Shanto,Bangladesh,England,4,4,0,0,2,111,27.75
Najmul Hossain Shanto,Bangladesh,India,4,4,0,0,0,36,9.00
Najmul Hossain Shanto,Bangladesh,Ireland,6,5,0,1,1,294,58.80
Najmul Hossain Shanto,Bangladesh,Netherlands,1,1,0,0,0,9,9.00
Najmul Hossain Shanto,Bangladesh,New Zealand,2,2,0,0,1,83,41.50
Najmul Hossain Shanto,Bangladesh,Pakistan,1,1,0,0,0,4,4.00
Najmul Hossain Shanto,Bangladesh,South Africa,1,1,0,0,0,0,0.00
Najmul Hossain Shanto,Bangladesh,Sri Lanka,2,2,0,0,2,179,89.50
Najmul Hossain Shanto,Bangladesh,West Indies,6,6,0,0,0,96,16.00
Najmul Hossain Shanto,Bangladesh,Zimbabwe,4,4,0,0,0,73,18.25
Najmul Hossain Shanto,Bangladesh,Overall (12),39,38,1,2,7,1130,30.54
Mushfiqur Rahim,Bangladesh,Afghanistan,15,14,1,0,4,459,35.31
Mushfiqur Rahim,Bangladesh,Australia,7,7,4,1,1,260,86.67
Mushfiqur Rahim,Bangladesh,Bermuda,2,0,0,0,0,0,
Mushfiqur Rahim,Bangladesh,Canada,1,0,0,0,0,0,
Mushfiqur Rahim,Bangladesh,England,16,16,1,0,6,626,41.73
Mushfiqur Rahim,Bangladesh,India,26,25,3,1,3,703,31.95
Mushfiqur Rahim,Bangladesh,Ireland,13,12,4,1,1,411,51.38
Mushfiqur Rahim,Bangladesh,Netherlands,3,3,1,0,0,12,6.00
Mushfiqur Rahim,Bangladesh,New Zealand,31,30,3,0,4,743,27.52
Mushfiqur Rahim,Bangladesh,Pakistan,16,16,2,1,4,511,36.50
Mushfiqur Rahim,Bangladesh,Scotland,3,2,0,0,1,66,33.00
Mushfiqur Rahim,Bangladesh,South Africa,15,12,1,1,2,320,29.09
Mushfiqur Rahim,Bangladesh,Sri Lanka,36,34,1,2,5,1072,32.48
Mushfiqur Rahim,Bangladesh,United Arab Emirates,1,1,0,0,0,16,16.00
Mushfiqur Rahim,Bangladesh,West Indies,29,29,8,0,8,972,46.29
Mushfiqur Rahim,Bangladesh,Zimbabwe,51,47,11,2,9,1437,39.92
Mushfiqur Rahim,Bangladesh,Overall (16),265,248,40,9,48,7608,36.58
Tawid Hridoy,Bangladesh,Afghanistan,5,4,1,0,1,89,29.67
Tawid Hridoy,Bangladesh,Australia,1,1,0,0,1,74,74.00
Tawid Hridoy,Bangladesh,England,1,1,0,0,0,39,39.00
Tawid Hridoy,Bangladesh,India,2,2,0,0,1,70,35.00
Tawid Hridoy,Bangladesh,Ireland,6,5,0,0,2,249,49.80
Tawid Hridoy,Bangladesh,New Zealand,4,3,0,0,0,35,11.67
Tawid Hridoy,Bangladesh,Pakistan,2,2,0,0,0,9,4.50
Tawid Hridoy,Bangladesh,Sri Lanka,3,3,1,0,1,117,58.50
Tawid Hridoy,Bangladesh,Overall (8),24,21,2,0,6,682,35.89
Shakib Al Hasan,Bangladesh,Afghanistan,15,15,1,0,2,413,29.50
Shakib Al Hasan,Bangladesh,Australia,9,9,0,0,1,217,24.11
Shakib Al Hasan,Bangladesh,Bermuda,2,2,2,0,0,68,
Shakib Al Hasan,Bangladesh,Canada,1,1,1,1,0,134,
Shakib Al Hasan,Bangladesh,England,18,18,1,1,4,541,31.82
Shakib Al Hasan,Bangladesh,India,22,21,1,0,9,751,37.55
Shakib Al Hasan,Bangladesh,Ireland,15,12,2,0,3,331,33.10
Shakib Al Hasan,Bangladesh,Kenya,3,3,1,0,0,58,29.00
Shakib Al Hasan,Bangladesh,Netherlands,3,3,0,0,0,21,7.00
Shakib Al Hasan,Bangladesh,New Zealand,23,23,2,2,3,679,32.33
Shakib Al Hasan,Bangladesh,Pakistan,18,17,2,1,5,649,43.27
Shakib Al Hasan,Bangladesh,Scotland,3,3,2,0,1,116,116.00
Shakib Al Hasan,Bangladesh,South Africa,18,17,2,0,5,493,32.87
Shakib Al Hasan,Bangladesh,Sri Lanka,28,26,2,0,7,716,29.83
Shakib Al Hasan,Bangladesh,West Indies,21,19,4,1,8,834,55.60
Shakib Al Hasan,Bangladesh,Zimbabwe,48,45,8,3,8,1549,41.86
Shakib Al Hasan,Bangladesh,Overall (16),247,234,31,9,56,7570,37.29
Mahedi Hasan,Bangladesh,Australia,1,1,1,0,0,2,
Mahedi Hasan,Bangladesh,England,1,1,0,0,0,14,14.00
Mahedi Hasan,Bangladesh,India,1,1,1,0,0,29,
Mahedi Hasan,Bangladesh,Netherlands,1,1,0,0,0,17,17.00
Mahedi Hasan,Bangladesh,New Zealand,6,5,0,0,0,54,10.80
Mahedi Hasan,Bangladesh,Sri Lanka,1,1,0,0,0,6,6.00
Mahedi Hasan,Bangladesh,Overall (6),11,10,2,0,0,122,15.25
Mahmudullah,Bangladesh,Afghanistan,11,10,3,0,2,313,44.71
Mahmudullah,Bangladesh,Australia,7,7,2,0,2,244,48.80
Mahmudullah,Bangladesh,England,16,16,3,1,1,465,35.77
Mahmudullah,Bangladesh,India,18,17,4,0,3,476,36.62
Mahmudullah,Bangladesh,Ireland,8,5,4,0,0,144,144.00
Mahmudullah,Bangladesh,Netherlands,3,2,1,0,0,48,48.00
Mahmudullah,Bangladesh,New Zealand,30,27,5,2,2,787,35.77
Mahmudullah,Bangladesh,Pakistan,20,19,4,0,2,357,23.80
Mahmudullah,Bangladesh,Scotland,1,1,0,0,1,62,62.00
Mahmudullah,Bangladesh,South Africa,12,10,1,1,1,325,36.11
Mahmudullah,Bangladesh,Sri Lanka,31,28,3,0,3,599,23.96
Mahmudullah,Bangladesh,United Arab Emirates,1,1,1,0,0,8,
Mahmudullah,Bangladesh,West Indies,27,21,11,0,5,636,63.60
Mahmudullah,Bangladesh,Zimbabwe,44,35,9,0,6,884,34.00
Mahmudullah,Bangladesh,Overall (14),229,199,51,4,28,5348,36.14
Mehidy Hasan Miraz,Bangladesh,Afghanistan,11,8,3,1,2,295,59.00
Mehidy Hasan Miraz,Bangladesh,Australia,3,3,0,0,0,49,16.33
Mehidy Hasan Miraz,Bangladesh,England,5,5,0,0,0,39,7.80
Mehidy Hasan Miraz,Bangladesh,India,7,7,2,1,0,231,46.20
Mehidy Hasan Miraz,Bangladesh,Ireland,5,3,0,0,0,83,27.67
Mehidy Hasan Miraz,Bangladesh,Netherlands,1,1,0,0,0,35,35.00
Mehidy Hasan Miraz,Bangladesh,New Zealand,9,8,0,0,0,123,15.38
Mehidy Hasan Miraz,Bangladesh,Pakistan,4,4,1,0,0,44,14.67
Mehidy Hasan Miraz,Bangladesh,South Africa,6,5,2,0,0,88,29.33
Mehidy Hasan Miraz,Bangladesh,Sri Lanka,14,11,0,0,1,160,14.55
Mehidy Hasan Miraz,Bangladesh,West Indies,16,2,2,0,0,26,
Mehidy Hasan Miraz,Bangladesh,Zimbabwe,10,7,0,0,0,74,10.57
Mehidy Hasan Miraz,Bangladesh,Overall (12),91,64,10,2,3,1247,23.09
Pathum Nissanka,Sri Lanka,Afghanistan,8,8,1,0,2,342,48.86
Pathum Nissanka,Sri Lanka,Australia,6,6,0,1,2,283,47.17
Pathum Nissanka,Sri Lanka,Bangladesh,6,6,0,0,0,123,20.50
Pathum Nissanka,Sri Lanka,England,4,4,1,0,1,93,31.00
Pathum Nissanka,Sri Lanka,India,4,4,0,0,1,80,20.00
Pathum Nissanka,Sri Lanka,Ireland,1,1,0,0,0,20,20.00
Pathum Nissanka,Sri Lanka,Netherlands,3,3,0,0,1,77,25.67
Pathum Nissanka,Sri Lanka,New Zealand,3,3,0,0,1,68,22.67
Pathum Nissanka,Sri Lanka,Oman,1,1,1,0,0,37,
Pathum Nissanka,Sri Lanka,Pakistan,2,2,0,0,1,80,40.00
Pathum Nissanka,Sri Lanka,Scotland,1,1,0,0,1,75,75.00
Pathum Nissanka,Sri Lanka,South Africa,1,1,0,0,0,0,0.00
Pathum Nissanka,Sri Lanka,United Arab Emirates,1,1,0,0,1,57,57.00
Pathum Nissanka,Sri Lanka,West Indies,4,4,0,1,0,146,36.50
Pathum Nissanka,Sri Lanka,Zimbabwe,4,4,1,1,2,247,82.33
Pathum Nissanka,Sri Lanka,Overall (15),49,49,4,3,13,1728,38.40
Kusal Perera,Sri Lanka,Afghanistan,3,3,0,0,1,128,42.67
Kusal Perera,Sri Lanka,Australia,12,11,2,0,3,270,30.00
Kusal Perera,Sri Lanka,Bangladesh,16,16,1,3,1,613,40.87
Kusal Perera,Sri Lanka,England,20,19,0,0,2,338,17.79
Kusal Perera,Sri Lanka,India,10,9,1,0,1,139,17.38
Kusal Perera,Sri Lanka,Ireland,3,3,0,1,0,167,55.67
Kusal Perera,Sri Lanka,Netherlands,1,1,0,0,0,5,5.00
Kusal Perera,Sri Lanka,New Zealand,6,6,0,1,1,229,38.17
Kusal Perera,Sri Lanka,Pakistan,14,14,0,1,2,445,31.79
Kusal Perera,Sri Lanka,Scotland,1,1,0,0,0,24,24.00
Kusal Perera,Sri Lanka,South Africa,16,15,1,0,2,391,27.93
Kusal Perera,Sri Lanka,West Indies,9,9,0,0,3,324,36.00
Kusal Perera,Sri Lanka,Zimbabwe,5,4,0,0,1,164,41.00
Kusal Perera,Sri Lanka,Overall (13),116,111,5,6,17,3237,30.54
Kusal Mendis,Sri Lanka,Afghanistan,10,10,2,0,3,303,37.88
Kusal Mendis,Sri Lanka,Australia,12,12,2,0,4,462,46.20
Kusal Mendis,Sri Lanka,Bangladesh,16,15,1,1,3,480,34.29
Kusal Mendis,Sri Lanka,England,10,10,0,0,3,287,28.70
Kusal Mendis,Sri Lanka,India,12,12,0,0,1,220,18.33
Kusal Mendis,Sri Lanka,Ireland,3,3,0,0,1,59,19.67
Kusal Mendis,Sri Lanka,Netherlands,3,3,0,0,0,64,21.33
Kusal Mendis,Sri Lanka,New Zealand,7,7,0,0,0,44,6.29
Kusal Mendis,Sri Lanka,Oman,1,0,0,0,0,0,
Kusal Mendis,Sri Lanka,Pakistan,5,5,0,1,1,252,50.40
Kusal Mendis,Sri Lanka,Scotland,2,2,0,0,1,67,33.50
Kusal Mendis,Sri Lanka,South Africa,18,18,0,0,4,514,28.56
Kusal Mendis,Sri Lanka,United Arab Emirates,1,1,0,0,1,78,78.00
Kusal Mendis,Sri Lanka,West Indies,7,7,1,1,2,365,60.83
Kusal Mendis,Sri Lanka,Zimbabwe,14,13,3,0,2,314,31.40
Kusal Mendis,Sri Lanka,Overall (15),121,118,9,3,26,3509,32.19
Sadeera Samarawickrama,Sri Lanka,Afghanistan,4,3,0,0,0,83,27.67
Sadeera Samarawickrama,Sri Lanka,Australia,1,1,0,0,0,8,8.00
Sadeera Samarawickrama,Sri Lanka,Bangladesh,3,3,0,0,2,188,62.67
Sadeera Samarawickrama,Sri Lanka,England,4,4,1,0,2,155,51.67
Sadeera Samarawickrama,Sri Lanka,India,4,4,0,0,0,59,14.75
Sadeera Samarawickrama,Sri Lanka,Ireland,1,1,0,0,1,82,82.00
Sadeera Samarawickrama,Sri Lanka,Netherlands,3,3,1,0,1,111,55.50
Sadeera Samarawickrama,Sri Lanka,New Zealand,1,1,0,0,0,1,1.00
Sadeera Samarawickrama,Sri Lanka,Oman,1,0,0,0,0,0,
Sadeera Samarawickrama,Sri Lanka,Pakistan,5,5,0,1,0,162,32.40
Sadeera Samarawickrama,Sri Lanka,Scotland,1,1,0,0,0,26,26.00
Sadeera Samarawickrama,Sri Lanka,South Africa,1,1,0,0,0,23,23.00
Sadeera Samarawickrama,Sri Lanka,United Arab Emirates,1,1,0,0,1,73,73.00
Sadeera Samarawickrama,Sri Lanka,West Indies,1,1,1,0,0,17,
Sadeera Samarawickrama,Sri Lanka,Zimbabwe,1,0,0,0,0,0,
Sadeera Samarawickrama,Sri Lanka,Overall (15),32,29,3,1,7,988,38.00
Dasun Shanaka,Sri Lanka,Afghanistan,8,6,0,0,0,104,17.33
Dasun Shanaka,Sri Lanka,Australia,6,6,0,0,0,58,9.67
Dasun Shanaka,Sri Lanka,Bangladesh,6,6,1,0,0,100,20.00
Dasun Shanaka,Sri Lanka,England,12,11,2,0,1,272,30.22
Dasun Shanaka,Sri Lanka,India,8,8,1,1,0,185,26.43
Dasun Shanaka,Sri Lanka,Ireland,3,3,0,0,0,48,16.00
Dasun Shanaka,Sri Lanka,Netherlands,2,2,0,0,0,6,3.00
Dasun Shanaka,Sri Lanka,New Zealand,3,3,0,0,0,33,11.00
Dasun Shanaka,Sri Lanka,Oman,1,0,0,0,0,0,
Dasun Shanaka,Sri Lanka,Pakistan,4,4,0,0,1,125,31.25
Dasun Shanaka,Sri Lanka,Scotland,1,1,0,0,0,0,0.00
Dasun Shanaka,Sri Lanka,South Africa,6,6,0,0,2,203,33.83
Dasun Shanaka,Sri Lanka,United Arab Emirates,1,1,0,0,0,1,1.00
Dasun Shanaka,Sri Lanka,West Indies,2,1,0,0,0,22,22.00
Dasun Shanaka,Sri Lanka,Zimbabwe,6,3,1,1,0,127,63.50
Dasun Shanaka,Sri Lanka,Overall (15),69,61,5,2,4,1284,22.93
Dushan Hemantha,Sri Lanka,Afghanistan,1,1,0,0,0,22,22.00
Dushan Hemantha,Sri Lanka,India,2,2,1,0,0,13,13.00
Dushan Hemantha,Sri Lanka,Netherlands,1,1,1,0,0,4,
Dushan Hemantha,Sri Lanka,West Indies,1,0,0,0,0,0,
Dushan Hemantha,Sri Lanka,Overall (4),5,4,2,0,0,39,19.50
Dhananjaya de Silva,Sri Lanka,Afghanistan,10,8,1,0,1,152,21.71
Dhananjaya de Silva,Sri Lanka,Australia,11,11,1,0,2,280,28.00
Dhananjaya de Silva,Sri Lanka,Bangladesh,9,8,1,0,1,134,19.14
Dhananjaya de Silva,Sri Lanka,England,9,7,2,0,1,199,39.80
Dhananjaya de Silva,Sri Lanka,India,8,8,1,0,0,169,24.14
Dhananjaya de Silva,Sri Lanka,Ireland,2,2,2,0,0,45,
Dhananjaya de Silva,Sri Lanka,Netherlands,3,3,0,0,1,127,42.33
Dhananjaya de Silva,Sri Lanka,New Zealand,4,4,0,0,0,72,18.00
Dhananjaya de Silva,Sri Lanka,Oman,1,0,0,0,0,0,
Dhananjaya de Silva,Sri Lanka,Pakistan,3,3,0,0,0,31,10.33
Dhananjaya de Silva,Sri Lanka,Scotland,2,2,0,0,0,30,15.00
Dhananjaya de Silva,Sri Lanka,South Africa,17,17,0,0,1,395,23.24
Dhananjaya de Silva,Sri Lanka,United Arab Emirates,1,1,0,0,0,5,5.00
Dhananjaya de Silva,Sri Lanka,West Indies,6,6,1,0,2,148,29.60
Dhananjaya de Silva,Sri Lanka,Zimbabwe,4,2,1,0,1,78,78.00
Dhananjaya de Silva,Sri Lanka,Overall (15),90,82,10,0,10,1865,25.90
Charith Asalanka,Sri Lanka,Afghanistan,8,6,1,0,2,248,49.60
Charith Asalanka,Sri Lanka,Australia,6,6,1,1,0,212,42.40
Charith Asalanka,Sri Lanka,Bangladesh,3,3,1,1,1,180,90.00
Charith Asalanka,Sri Lanka,England,3,2,0,0,0,3,1.50
Charith Asalanka,Sri Lanka,India,9,9,0,0,1,189,21.00
Charith Asalanka,Sri Lanka,Ireland,1,1,0,0,0,38,38.00
Charith Asalanka,Sri Lanka,Netherlands,3,3,0,0,0,82,27.33
Charith Asalanka,Sri Lanka,New Zealand,3,3,0,0,0,26,8.67
Charith Asalanka,Sri Lanka,Oman,1,0,0,0,0,0,
Charith Asalanka,Sri Lanka,Pakistan,2,2,1,0,0,50,50.00
Charith Asalanka,Sri Lanka,Scotland,1,1,0,0,1,63,63.00
Charith Asalanka,Sri Lanka,South Africa,4,4,0,0,3,275,68.75
Charith Asalanka,Sri Lanka,United Arab Emirates,1,1,1,0,0,48,
Charith Asalanka,Sri Lanka,West Indies,1,0,0,0,0,0,
Charith Asalanka,Sri Lanka,Zimbabwe,4,3,0,0,2,146,48.67
Charith Asalanka,Sri Lanka,Overall (15),50,44,5,2,10,1560,40.00
